targetId,rulebookId,supportedIdentityReference,acceptedFieldReuse,historicalFallbackFields,semanticQaPending,semanticQaOwner,identityResolutionOwner
464,55,true,0,2,true,120,
465,55,false,0,2,true,120,197
466,55,true,0,2,true,120,
467,55,false,0,2,true,120,197
468,55,true,0,2,true,120,
469,55,false,0,2,true,120,197
471,55,false,0,2,true,120,197
472,55,true,0,2,true,120,
515,55,false,0,2,true,120,197
508,55,false,0,2,true,120,197
488,55,true,0,2,true,120,
444,55,false,0,2,true,120,197
446,55,false,0,2,true,120,197
558,55,false,0,2,true,120,197
559,55,false,0,2,true,120,197
560,55,false,0,2,true,120,197
561,55,false,0,2,true,120,197
562,55,false,0,2,true,120,197
447,55,true,0,2,true,120,
509,55,false,0,2,true,120,197
475,55,false,0,2,true,120,197
516,55,false,0,2,true,120,197
448,55,false,0,2,true,120,197
449,55,false,0,2,true,120,197
476,55,true,0,2,true,120,
529,55,true,0,2,true,120,
567,55,true,0,2,true,120,
569,55,false,0,2,true,120,197
530,55,true,0,2,true,120,
511,55,false,0,2,true,120,197
572,55,true,0,2,true,120,
490,55,true,0,2,true,120,
573,55,true,0,2,true,120,
487,55,false,0,2,true,120,197
518,55,false,0,2,true,120,197
575,55,false,0,2,true,120,197
531,55,false,0,2,true,120,197
576,55,false,0,2,true,120,197
