row,ordinal,startLine,endLine,status,reasonCode,targetId,rulebookId,nativeAttached,newAcceptedFields,activated
1,5,39,47,deferred,mixed-version,,,false,0,false
2,6,48,60,supported-existing-version-reference,distinctive-header-and-rule,535,55,false,0,false
3,7,61,75,supported-existing-version-reference,distinctive-mechanics,3963,86,false,0,false
4,8,76,83,deferred,indistinguishable-reprint,,,false,0,false
5,10,97,110,supported-existing-version-reference,distinctive-class-and-lineage,450,55,false,0,false
6,11,111,124,deferred,mixed-version,,,false,0,false
7,12,125,134,supported-existing-version-reference,distinctive-text-lineage,483,55,false,0,false
8,13,135,150,deferred,mixed-version,,,false,0,false
9,14,151,165,supported-existing-version-reference,distinctive-rule,451,55,false,0,false
10,15,166,179,supported-existing-version-reference,distinctive-header-and-lineage,521,55,false,0,false
11,17,192,204,deferred,indistinguishable-reprint,,,false,0,false
12,18,205,214,supported-existing-version-reference,distinctive-domain,3971,86,false,0,false
13,19,215,228,deferred,indistinguishable-reprint,,,false,0,false
14,21,243,255,deferred,mixed-version,,,false,0,false
15,22,256,269,deferred,indistinguishable-reprint,,,false,0,false
16,28,331,344,supported-existing-version-reference,distinctive-rule,456,55,false,0,false
17,31,372,383,deferred,indistinguishable-reprint,,,false,0,false
18,33,397,411,supported-existing-version-reference,distinctive-text-lineage,4354,86,false,0,false
19,34,412,423,deferred,mixed-version,,,false,0,false
20,35,424,435,supported-existing-version-reference,distinctive-text-lineage,437,55,false,0,false
21,36,436,450,supported-existing-version-reference,distinctive-rule,542,55,false,0,false
22,40,495,509,deferred,mixed-version,,,false,0,false
23,41,510,522,supported-existing-version-reference,distinctive-class-and-lineage,439,55,false,0,false
24,42,523,534,deferred,indistinguishable-reprint,,,false,0,false
25,44,548,563,deferred,mixed-version,,,false,0,false
26,45,564,574,deferred,mixed-version,,,false,0,false
27,49,603,614,supported-existing-version-reference,distinctive-casting,499,55,false,0,false
28,50,615,628,supported-existing-version-reference,distinctive-class-and-rule,500,55,false,0,false
29,51,629,648,deferred,mixed-version,,,false,0,false
30,52,649,661,supported-existing-version-reference,distinctive-body-and-radius,501,55,false,0,false
31,53,662,667,deferred,mixed-version,,,false,0,false
32,54,668,679,supported-existing-version-reference,distinctive-class-and-text,546,55,false,0,false
33,55,680,691,deferred,indistinguishable-reprint,,,false,0,false
34,57,705,719,deferred,mixed-version,,,false,0,false
35,58,720,731,deferred,indistinguishable-reprint,,,false,0,false
36,61,789,801,supported-existing-version-reference,distinctive-header-and-rule,458,55,false,0,false
37,62,802,815,deferred,mixed-version,,,false,0,false
38,73,944,957,deferred,mixed-version,,,false,0,false
39,79,1051,1063,supported-existing-version-reference,distinctive-class,462,55,false,0,false
40,80,1064,1077,deferred,mixed-version,,,false,0,false
