targetId,rulebookId,editionId,nameReview,bodyStatus,mechanicsStatus,residualCount,activation
634,56,5,faithful-current-name-retained,partial-or-ambiguous-DB-English,reviewed-with-material-residual,1,false
637,56,5,faithful-current-name-retained,complete-available-DB-English,reviewed-no-material-residual,0,false
638,56,5,faithful-current-name-retained,complete-available-DB-English,reviewed-no-material-residual,0,false
639,56,5,faithful-current-name-retained,partial-or-ambiguous-DB-English,reviewed-with-material-residual,1,false
643,56,5,faithful-current-name-retained,complete-available-DB-English,reviewed-no-material-residual,0,false
644,56,5,faithful-current-name-retained,complete-available-DB-English,reviewed-no-material-residual,0,false
648,56,5,faithful-current-name-retained,complete-available-DB-English,reviewed-no-material-residual,0,false
649,56,5,faithful-current-name-retained,complete-available-DB-English,reviewed-no-material-residual,0,false
650,56,5,faithful-current-name-retained,complete-available-DB-English,reviewed-no-material-residual,0,false
651,56,5,faithful-current-name-retained,complete-available-DB-English,reviewed-no-material-residual,0,false
652,56,5,corrected-against-English,partial-or-ambiguous-DB-English,reviewed-with-material-residual,1,false
653,56,5,faithful-current-name-retained,partial-or-ambiguous-DB-English,reviewed-with-material-residual,1,false
656,56,5,faithful-current-name-retained,partial-or-ambiguous-DB-English,reviewed-with-material-residual,1,false
658,56,5,faithful-current-name-retained,complete-available-DB-English,reviewed-no-material-residual,0,false
659,56,5,faithful-current-name-retained,complete-available-DB-English,reviewed-no-material-residual,0,false
660,56,5,faithful-current-name-retained,complete-available-DB-English,reviewed-no-material-residual,0,false
661,56,5,faithful-current-name-retained,complete-available-DB-English,reviewed-no-material-residual,0,false
662,56,5,faithful-current-name-retained,complete-available-DB-English,reviewed-no-material-residual,0,false
663,56,5,faithful-current-name-retained,complete-available-DB-English,reviewed-no-material-residual,0,false
664,56,5,faithful-current-name-retained,complete-available-DB-English,reviewed-no-material-residual,0,false
666,56,5,faithful-current-name-retained,complete-available-DB-English,reviewed-no-material-residual,0,false
669,56,5,faithful-current-name-retained,complete-available-DB-English,reviewed-no-material-residual,0,false
671,56,5,faithful-current-name-retained,complete-available-DB-English,reviewed-no-material-residual,0,false
673,56,5,faithful-current-name-retained,complete-available-DB-English,reviewed-no-material-residual,0,false
675,56,5,faithful-current-name-retained,complete-available-DB-English,reviewed-no-material-residual,0,false
676,56,5,faithful-current-name-retained,complete-available-DB-English,reviewed-no-material-residual,0,false
677,56,5,faithful-current-name-retained,complete-available-DB-English,reviewed-no-material-residual,0,false
678,56,5,faithful-current-name-retained,complete-available-DB-English,reviewed-no-material-residual,0,false
682,56,5,faithful-current-name-retained,complete-available-DB-English,reviewed-no-material-residual,0,false
683,56,5,faithful-current-name-retained,complete-available-DB-English,reviewed-no-material-residual,0,false
684,56,5,faithful-current-name-retained,complete-available-DB-English,reviewed-no-material-residual,0,false
685,56,5,faithful-current-name-retained,complete-available-DB-English,reviewed-no-material-residual,0,false
687,56,5,faithful-current-name-retained,complete-available-DB-English,reviewed-no-material-residual,0,false
688,56,5,faithful-current-name-retained,complete-available-DB-English,reviewed-no-material-residual,0,false
694,56,5,faithful-current-name-retained,complete-available-DB-English,reviewed-no-material-residual,0,false
696,56,5,faithful-current-name-retained,complete-available-DB-English,reviewed-no-material-residual,0,false
697,56,5,faithful-current-name-retained,complete-available-DB-English,reviewed-no-material-residual,0,false
701,56,5,faithful-current-name-retained,complete-available-DB-English,reviewed-no-material-residual,0,false
702,56,5,faithful-current-name-retained,complete-available-DB-English,reviewed-with-material-residual,1,false
706,56,5,faithful-current-name-retained,complete-available-DB-English,reviewed-no-material-residual,0,false
