targetId,rulebookId,editionId,ownerIssue,evidenceRevision,evidencePath,proposalRecordIndex,inputRecordIndex,reviewRecordIndex,nameState,bodyState,mechanicsState,historicalBodyState,residualRecords,residualRecordIndices,activation
633,56,5,555,541d3121c60661cca569c5af2bb3b4e3a0264dfe,dice-baselines/issue-520/qa/books/56/slices/issue-555/,0,0,0,faithful-current-name-retained,complete-available-DB-English,reviewed-no-material-residual,no-candidate,0,,false
634,56,5,557,cf341faed424092642f5e767b53e3237cc8029f3,dice-baselines/issue-520/qa/books/56/slices/issue-557/,0,0,0,faithful-current-name-retained,partial-or-ambiguous-DB-English,reviewed-with-material-residual,no-candidate,1,0,false
635,56,5,555,541d3121c60661cca569c5af2bb3b4e3a0264dfe,dice-baselines/issue-520/qa/books/56/slices/issue-555/,1,1,1,faithful-current-name-retained,complete-available-DB-English,reviewed-no-material-residual,no-candidate,0,,false
636,56,5,555,541d3121c60661cca569c5af2bb3b4e3a0264dfe,dice-baselines/issue-520/qa/books/56/slices/issue-555/,2,2,2,faithful-current-name-retained,complete-available-DB-English,reviewed-no-material-residual,no-candidate,0,,false
637,56,5,557,cf341faed424092642f5e767b53e3237cc8029f3,dice-baselines/issue-520/qa/books/56/slices/issue-557/,1,1,1,faithful-current-name-retained,complete-available-DB-English,reviewed-no-material-residual,no-candidate,0,,false
638,56,5,557,cf341faed424092642f5e767b53e3237cc8029f3,dice-baselines/issue-520/qa/books/56/slices/issue-557/,2,2,2,faithful-current-name-retained,complete-available-DB-English,reviewed-no-material-residual,no-candidate,0,,false
639,56,5,557,cf341faed424092642f5e767b53e3237cc8029f3,dice-baselines/issue-520/qa/books/56/slices/issue-557/,3,3,3,faithful-current-name-retained,partial-or-ambiguous-DB-English,reviewed-with-material-residual,no-candidate,1,1,false
640,56,5,555,541d3121c60661cca569c5af2bb3b4e3a0264dfe,dice-baselines/issue-520/qa/books/56/slices/issue-555/,3,3,3,faithful-current-name-retained,complete-available-DB-English,reviewed-no-material-residual,no-candidate,0,,false
641,56,5,555,541d3121c60661cca569c5af2bb3b4e3a0264dfe,dice-baselines/issue-520/qa/books/56/slices/issue-555/,4,4,4,faithful-current-name-retained,complete-available-DB-English,reviewed-no-material-residual,no-candidate,0,,false
642,56,5,561,5bdeab2366f048ef15bda45dd0bc086a9b844c08,dice-baselines/issue-520/qa/books/56/closeout/issue-561/,0,0,0,faithful-current-name-retained,complete-available-DB-English,reviewed-no-material-residual,accepted,0,,false
643,56,5,557,cf341faed424092642f5e767b53e3237cc8029f3,dice-baselines/issue-520/qa/books/56/slices/issue-557/,4,4,4,faithful-current-name-retained,complete-available-DB-English,reviewed-no-material-residual,no-candidate,0,,false
644,56,5,557,cf341faed424092642f5e767b53e3237cc8029f3,dice-baselines/issue-520/qa/books/56/slices/issue-557/,5,5,5,faithful-current-name-retained,complete-available-DB-English,reviewed-no-material-residual,no-candidate,0,,false
645,56,5,555,541d3121c60661cca569c5af2bb3b4e3a0264dfe,dice-baselines/issue-520/qa/books/56/slices/issue-555/,5,5,5,faithful-current-name-retained,complete-available-DB-English,reviewed-no-material-residual,no-candidate,0,,false
646,56,5,555,541d3121c60661cca569c5af2bb3b4e3a0264dfe,dice-baselines/issue-520/qa/books/56/slices/issue-555/,6,6,6,faithful-current-name-retained,complete-available-DB-English,reviewed-no-material-residual,no-candidate,0,,false
647,56,5,555,541d3121c60661cca569c5af2bb3b4e3a0264dfe,dice-baselines/issue-520/qa/books/56/slices/issue-555/,7,7,7,faithful-current-name-retained,complete-available-DB-English,reviewed-with-material-residual,no-candidate,1,0,false
648,56,5,557,cf341faed424092642f5e767b53e3237cc8029f3,dice-baselines/issue-520/qa/books/56/slices/issue-557/,6,6,6,faithful-current-name-retained,complete-available-DB-English,reviewed-no-material-residual,no-candidate,0,,false
649,56,5,557,cf341faed424092642f5e767b53e3237cc8029f3,dice-baselines/issue-520/qa/books/56/slices/issue-557/,7,7,7,faithful-current-name-retained,complete-available-DB-English,reviewed-no-material-residual,no-candidate,0,,false
650,56,5,557,cf341faed424092642f5e767b53e3237cc8029f3,dice-baselines/issue-520/qa/books/56/slices/issue-557/,8,8,8,faithful-current-name-retained,complete-available-DB-English,reviewed-no-material-residual,no-candidate,0,,false
651,56,5,557,cf341faed424092642f5e767b53e3237cc8029f3,dice-baselines/issue-520/qa/books/56/slices/issue-557/,9,9,9,faithful-current-name-retained,complete-available-DB-English,reviewed-no-material-residual,no-candidate,0,,false
652,56,5,557,cf341faed424092642f5e767b53e3237cc8029f3,dice-baselines/issue-520/qa/books/56/slices/issue-557/,10,10,10,corrected-against-English,partial-or-ambiguous-DB-English,reviewed-with-material-residual,no-candidate,1,2,false
653,56,5,557,cf341faed424092642f5e767b53e3237cc8029f3,dice-baselines/issue-520/qa/books/56/slices/issue-557/,11,11,11,faithful-current-name-retained,partial-or-ambiguous-DB-English,reviewed-with-material-residual,no-candidate,1,3,false
654,56,5,555,541d3121c60661cca569c5af2bb3b4e3a0264dfe,dice-baselines/issue-520/qa/books/56/slices/issue-555/,8,8,8,faithful-current-name-retained,complete-available-DB-English,reviewed-no-material-residual,no-candidate,0,,false
655,56,5,555,541d3121c60661cca569c5af2bb3b4e3a0264dfe,dice-baselines/issue-520/qa/books/56/slices/issue-555/,9,9,9,faithful-current-name-retained,complete-available-DB-English,reviewed-no-material-residual,no-candidate,0,,false
656,56,5,557,cf341faed424092642f5e767b53e3237cc8029f3,dice-baselines/issue-520/qa/books/56/slices/issue-557/,12,12,12,faithful-current-name-retained,partial-or-ambiguous-DB-English,reviewed-with-material-residual,no-candidate,1,4,false
657,56,5,561,5bdeab2366f048ef15bda45dd0bc086a9b844c08,dice-baselines/issue-520/qa/books/56/closeout/issue-561/,1,1,1,faithful-current-name-retained,partial-or-ambiguous-DB-English,reviewed-with-material-residual,deferred,1,0,false
658,56,5,557,cf341faed424092642f5e767b53e3237cc8029f3,dice-baselines/issue-520/qa/books/56/slices/issue-557/,13,13,13,faithful-current-name-retained,complete-available-DB-English,reviewed-no-material-residual,no-candidate,0,,false
659,56,5,557,cf341faed424092642f5e767b53e3237cc8029f3,dice-baselines/issue-520/qa/books/56/slices/issue-557/,14,14,14,faithful-current-name-retained,complete-available-DB-English,reviewed-no-material-residual,no-candidate,0,,false
660,56,5,557,cf341faed424092642f5e767b53e3237cc8029f3,dice-baselines/issue-520/qa/books/56/slices/issue-557/,15,15,15,faithful-current-name-retained,complete-available-DB-English,reviewed-no-material-residual,no-candidate,0,,false
661,56,5,557,cf341faed424092642f5e767b53e3237cc8029f3,dice-baselines/issue-520/qa/books/56/slices/issue-557/,16,16,16,faithful-current-name-retained,complete-available-DB-English,reviewed-no-material-residual,no-candidate,0,,false
662,56,5,557,cf341faed424092642f5e767b53e3237cc8029f3,dice-baselines/issue-520/qa/books/56/slices/issue-557/,17,17,17,faithful-current-name-retained,complete-available-DB-English,reviewed-no-material-residual,no-candidate,0,,false
663,56,5,557,cf341faed424092642f5e767b53e3237cc8029f3,dice-baselines/issue-520/qa/books/56/slices/issue-557/,18,18,18,faithful-current-name-retained,complete-available-DB-English,reviewed-no-material-residual,no-candidate,0,,false
664,56,5,557,cf341faed424092642f5e767b53e3237cc8029f3,dice-baselines/issue-520/qa/books/56/slices/issue-557/,19,19,19,faithful-current-name-retained,complete-available-DB-English,reviewed-no-material-residual,no-candidate,0,,false
665,56,5,555,541d3121c60661cca569c5af2bb3b4e3a0264dfe,dice-baselines/issue-520/qa/books/56/slices/issue-555/,10,10,10,faithful-current-name-retained,complete-available-DB-English,reviewed-no-material-residual,no-candidate,0,,false
666,56,5,557,cf341faed424092642f5e767b53e3237cc8029f3,dice-baselines/issue-520/qa/books/56/slices/issue-557/,20,20,20,faithful-current-name-retained,complete-available-DB-English,reviewed-no-material-residual,no-candidate,0,,false
667,56,5,555,541d3121c60661cca569c5af2bb3b4e3a0264dfe,dice-baselines/issue-520/qa/books/56/slices/issue-555/,11,11,11,faithful-current-name-retained,complete-available-DB-English,reviewed-no-material-residual,no-candidate,0,,false
668,56,5,555,541d3121c60661cca569c5af2bb3b4e3a0264dfe,dice-baselines/issue-520/qa/books/56/slices/issue-555/,12,12,12,faithful-current-name-retained,complete-available-DB-English,reviewed-no-material-residual,no-candidate,0,,false
669,56,5,557,cf341faed424092642f5e767b53e3237cc8029f3,dice-baselines/issue-520/qa/books/56/slices/issue-557/,21,21,21,faithful-current-name-retained,complete-available-DB-English,reviewed-no-material-residual,no-candidate,0,,false
670,56,5,555,541d3121c60661cca569c5af2bb3b4e3a0264dfe,dice-baselines/issue-520/qa/books/56/slices/issue-555/,13,13,13,faithful-current-name-retained,complete-available-DB-English,reviewed-no-material-residual,no-candidate,0,,false
671,56,5,557,cf341faed424092642f5e767b53e3237cc8029f3,dice-baselines/issue-520/qa/books/56/slices/issue-557/,22,22,22,faithful-current-name-retained,complete-available-DB-English,reviewed-no-material-residual,no-candidate,0,,false
672,56,5,555,541d3121c60661cca569c5af2bb3b4e3a0264dfe,dice-baselines/issue-520/qa/books/56/slices/issue-555/,14,14,14,faithful-current-name-retained,complete-available-DB-English,reviewed-no-material-residual,no-candidate,0,,false
673,56,5,557,cf341faed424092642f5e767b53e3237cc8029f3,dice-baselines/issue-520/qa/books/56/slices/issue-557/,23,23,23,faithful-current-name-retained,complete-available-DB-English,reviewed-no-material-residual,no-candidate,0,,false
674,56,5,555,541d3121c60661cca569c5af2bb3b4e3a0264dfe,dice-baselines/issue-520/qa/books/56/slices/issue-555/,15,15,15,faithful-current-name-retained,complete-available-DB-English,reviewed-no-material-residual,no-candidate,0,,false
675,56,5,557,cf341faed424092642f5e767b53e3237cc8029f3,dice-baselines/issue-520/qa/books/56/slices/issue-557/,24,24,24,faithful-current-name-retained,complete-available-DB-English,reviewed-no-material-residual,no-candidate,0,,false
676,56,5,557,cf341faed424092642f5e767b53e3237cc8029f3,dice-baselines/issue-520/qa/books/56/slices/issue-557/,25,25,25,faithful-current-name-retained,complete-available-DB-English,reviewed-no-material-residual,no-candidate,0,,false
677,56,5,557,cf341faed424092642f5e767b53e3237cc8029f3,dice-baselines/issue-520/qa/books/56/slices/issue-557/,26,26,26,faithful-current-name-retained,complete-available-DB-English,reviewed-no-material-residual,no-candidate,0,,false
678,56,5,557,cf341faed424092642f5e767b53e3237cc8029f3,dice-baselines/issue-520/qa/books/56/slices/issue-557/,27,27,27,faithful-current-name-retained,complete-available-DB-English,reviewed-no-material-residual,no-candidate,0,,false
679,56,5,555,541d3121c60661cca569c5af2bb3b4e3a0264dfe,dice-baselines/issue-520/qa/books/56/slices/issue-555/,16,16,16,faithful-current-name-retained,complete-available-DB-English,reviewed-no-material-residual,no-candidate,0,,false
680,56,5,555,541d3121c60661cca569c5af2bb3b4e3a0264dfe,dice-baselines/issue-520/qa/books/56/slices/issue-555/,17,17,17,faithful-current-name-retained,complete-available-DB-English,reviewed-no-material-residual,no-candidate,0,,false
681,56,5,555,541d3121c60661cca569c5af2bb3b4e3a0264dfe,dice-baselines/issue-520/qa/books/56/slices/issue-555/,18,18,18,faithful-current-name-retained,complete-available-DB-English,reviewed-no-material-residual,no-candidate,0,,false
682,56,5,557,cf341faed424092642f5e767b53e3237cc8029f3,dice-baselines/issue-520/qa/books/56/slices/issue-557/,28,28,28,faithful-current-name-retained,complete-available-DB-English,reviewed-no-material-residual,no-candidate,0,,false
683,56,5,557,cf341faed424092642f5e767b53e3237cc8029f3,dice-baselines/issue-520/qa/books/56/slices/issue-557/,29,29,29,faithful-current-name-retained,complete-available-DB-English,reviewed-no-material-residual,no-candidate,0,,false
684,56,5,557,cf341faed424092642f5e767b53e3237cc8029f3,dice-baselines/issue-520/qa/books/56/slices/issue-557/,30,30,30,faithful-current-name-retained,complete-available-DB-English,reviewed-no-material-residual,no-candidate,0,,false
685,56,5,557,cf341faed424092642f5e767b53e3237cc8029f3,dice-baselines/issue-520/qa/books/56/slices/issue-557/,31,31,31,faithful-current-name-retained,complete-available-DB-English,reviewed-no-material-residual,no-candidate,0,,false
686,56,5,555,541d3121c60661cca569c5af2bb3b4e3a0264dfe,dice-baselines/issue-520/qa/books/56/slices/issue-555/,19,19,19,faithful-current-name-retained,complete-available-DB-English,reviewed-no-material-residual,no-candidate,0,,false
687,56,5,557,cf341faed424092642f5e767b53e3237cc8029f3,dice-baselines/issue-520/qa/books/56/slices/issue-557/,32,32,32,faithful-current-name-retained,complete-available-DB-English,reviewed-no-material-residual,no-candidate,0,,false
688,56,5,557,cf341faed424092642f5e767b53e3237cc8029f3,dice-baselines/issue-520/qa/books/56/slices/issue-557/,33,33,33,faithful-current-name-retained,complete-available-DB-English,reviewed-no-material-residual,no-candidate,0,,false
689,56,5,555,541d3121c60661cca569c5af2bb3b4e3a0264dfe,dice-baselines/issue-520/qa/books/56/slices/issue-555/,20,20,20,faithful-current-name-retained,complete-available-DB-English,reviewed-no-material-residual,no-candidate,0,,false
690,56,5,561,5bdeab2366f048ef15bda45dd0bc086a9b844c08,dice-baselines/issue-520/qa/books/56/closeout/issue-561/,2,2,2,faithful-current-name-retained,complete-available-DB-English,reviewed-with-material-residual,deferred,1,1,false
691,56,5,561,5bdeab2366f048ef15bda45dd0bc086a9b844c08,dice-baselines/issue-520/qa/books/56/closeout/issue-561/,3,3,3,historical-native-name-proven-current,complete-available-DB-English,reviewed-no-material-residual,accepted,0,,false
692,56,5,561,5bdeab2366f048ef15bda45dd0bc086a9b844c08,dice-baselines/issue-520/qa/books/56/closeout/issue-561/,4,4,4,faithful-current-name-retained,complete-available-DB-English,reviewed-with-material-residual,deferred,1,2,false
693,56,5,561,5bdeab2366f048ef15bda45dd0bc086a9b844c08,dice-baselines/issue-520/qa/books/56/closeout/issue-561/,5,5,5,faithful-current-name-retained,complete-available-DB-English,reviewed-with-material-residual,deferred,1,3,false
694,56,5,557,cf341faed424092642f5e767b53e3237cc8029f3,dice-baselines/issue-520/qa/books/56/slices/issue-557/,34,34,34,faithful-current-name-retained,complete-available-DB-English,reviewed-no-material-residual,no-candidate,0,,false
695,56,5,555,541d3121c60661cca569c5af2bb3b4e3a0264dfe,dice-baselines/issue-520/qa/books/56/slices/issue-555/,21,21,21,faithful-current-name-retained,complete-available-DB-English,reviewed-no-material-residual,no-candidate,0,,false
696,56,5,557,cf341faed424092642f5e767b53e3237cc8029f3,dice-baselines/issue-520/qa/books/56/slices/issue-557/,35,35,35,faithful-current-name-retained,complete-available-DB-English,reviewed-no-material-residual,no-candidate,0,,false
697,56,5,557,cf341faed424092642f5e767b53e3237cc8029f3,dice-baselines/issue-520/qa/books/56/slices/issue-557/,36,36,36,faithful-current-name-retained,complete-available-DB-English,reviewed-no-material-residual,no-candidate,0,,false
698,56,5,555,541d3121c60661cca569c5af2bb3b4e3a0264dfe,dice-baselines/issue-520/qa/books/56/slices/issue-555/,22,22,22,faithful-current-name-retained,complete-available-DB-English,reviewed-no-material-residual,no-candidate,0,,false
699,56,5,555,541d3121c60661cca569c5af2bb3b4e3a0264dfe,dice-baselines/issue-520/qa/books/56/slices/issue-555/,23,23,23,faithful-current-name-retained,partial-or-ambiguous-DB-English,reviewed-with-material-residual,no-candidate,1,1,false
700,56,5,555,541d3121c60661cca569c5af2bb3b4e3a0264dfe,dice-baselines/issue-520/qa/books/56/slices/issue-555/,24,24,24,faithful-current-name-retained,complete-available-DB-English,reviewed-no-material-residual,no-candidate,0,,false
701,56,5,557,cf341faed424092642f5e767b53e3237cc8029f3,dice-baselines/issue-520/qa/books/56/slices/issue-557/,37,37,37,faithful-current-name-retained,complete-available-DB-English,reviewed-no-material-residual,no-candidate,0,,false
702,56,5,557,cf341faed424092642f5e767b53e3237cc8029f3,dice-baselines/issue-520/qa/books/56/slices/issue-557/,38,38,38,faithful-current-name-retained,complete-available-DB-English,reviewed-with-material-residual,no-candidate,1,5,false
703,56,5,555,541d3121c60661cca569c5af2bb3b4e3a0264dfe,dice-baselines/issue-520/qa/books/56/slices/issue-555/,25,25,25,faithful-current-name-retained,partial-or-ambiguous-DB-English,reviewed-with-material-residual,no-candidate,1,2,false
704,56,5,555,541d3121c60661cca569c5af2bb3b4e3a0264dfe,dice-baselines/issue-520/qa/books/56/slices/issue-555/,26,26,26,faithful-current-name-retained,complete-available-DB-English,reviewed-no-material-residual,no-candidate,0,,false
705,56,5,555,541d3121c60661cca569c5af2bb3b4e3a0264dfe,dice-baselines/issue-520/qa/books/56/slices/issue-555/,27,27,27,faithful-current-name-retained,complete-available-DB-English,reviewed-no-material-residual,no-candidate,0,,false
706,56,5,557,cf341faed424092642f5e767b53e3237cc8029f3,dice-baselines/issue-520/qa/books/56/slices/issue-557/,39,39,39,faithful-current-name-retained,complete-available-DB-English,reviewed-no-material-residual,no-candidate,0,,false
707,56,5,555,541d3121c60661cca569c5af2bb3b4e3a0264dfe,dice-baselines/issue-520/qa/books/56/slices/issue-555/,28,28,28,faithful-current-name-retained,complete-available-DB-English,reviewed-no-material-residual,no-candidate,0,,false
708,56,5,555,541d3121c60661cca569c5af2bb3b4e3a0264dfe,dice-baselines/issue-520/qa/books/56/slices/issue-555/,29,29,29,faithful-current-name-retained,complete-available-DB-English,reviewed-no-material-residual,no-candidate,0,,false
709,56,5,558,6bc8ad1f84df3bcc30a7ceaeb45792cd4b5adc11,dice-baselines/issue-520/qa/books/56/slices/issue-558/,0,0,0,faithful-current-name-retained,complete-available-DB-English,reviewed-no-material-residual,no-candidate,0,,false
710,56,5,558,6bc8ad1f84df3bcc30a7ceaeb45792cd4b5adc11,dice-baselines/issue-520/qa/books/56/slices/issue-558/,1,1,1,faithful-current-name-retained,complete-available-DB-English,reviewed-no-material-residual,no-candidate,0,,false
711,56,5,558,6bc8ad1f84df3bcc30a7ceaeb45792cd4b5adc11,dice-baselines/issue-520/qa/books/56/slices/issue-558/,2,2,2,faithful-current-name-retained,complete-available-DB-English,reviewed-no-material-residual,no-candidate,0,,false
712,56,5,558,6bc8ad1f84df3bcc30a7ceaeb45792cd4b5adc11,dice-baselines/issue-520/qa/books/56/slices/issue-558/,3,3,3,faithful-current-name-retained,complete-available-DB-English,reviewed-no-material-residual,no-candidate,0,,false
713,56,5,558,6bc8ad1f84df3bcc30a7ceaeb45792cd4b5adc11,dice-baselines/issue-520/qa/books/56/slices/issue-558/,4,4,4,faithful-current-name-retained,complete-available-DB-English,reviewed-no-material-residual,no-candidate,0,,false
714,56,5,555,541d3121c60661cca569c5af2bb3b4e3a0264dfe,dice-baselines/issue-520/qa/books/56/slices/issue-555/,30,30,30,faithful-current-name-retained,complete-available-DB-English,reviewed-no-material-residual,no-candidate,0,,false
715,56,5,558,6bc8ad1f84df3bcc30a7ceaeb45792cd4b5adc11,dice-baselines/issue-520/qa/books/56/slices/issue-558/,5,5,5,faithful-current-name-retained,complete-available-DB-English,reviewed-no-material-residual,no-candidate,0,,false
716,56,5,558,6bc8ad1f84df3bcc30a7ceaeb45792cd4b5adc11,dice-baselines/issue-520/qa/books/56/slices/issue-558/,6,6,6,faithful-current-name-retained,complete-available-DB-English,reviewed-no-material-residual,no-candidate,0,,false
717,56,5,558,6bc8ad1f84df3bcc30a7ceaeb45792cd4b5adc11,dice-baselines/issue-520/qa/books/56/slices/issue-558/,7,7,7,faithful-current-name-retained,partial-or-ambiguous-DB-English,reviewed-with-material-residual,no-candidate,1,0,false
718,56,5,558,6bc8ad1f84df3bcc30a7ceaeb45792cd4b5adc11,dice-baselines/issue-520/qa/books/56/slices/issue-558/,8,8,8,faithful-current-name-retained,complete-available-DB-English,reviewed-no-material-residual,no-candidate,0,,false
719,56,5,561,5bdeab2366f048ef15bda45dd0bc086a9b844c08,dice-baselines/issue-520/qa/books/56/closeout/issue-561/,6,6,6,faithful-current-name-retained,partial-or-ambiguous-DB-English,reviewed-with-material-residual,deferred,1,4,false
720,56,5,558,6bc8ad1f84df3bcc30a7ceaeb45792cd4b5adc11,dice-baselines/issue-520/qa/books/56/slices/issue-558/,9,9,9,faithful-current-name-retained,complete-available-DB-English,reviewed-no-material-residual,no-candidate,0,,false
721,56,5,558,6bc8ad1f84df3bcc30a7ceaeb45792cd4b5adc11,dice-baselines/issue-520/qa/books/56/slices/issue-558/,10,10,10,faithful-current-name-retained,complete-available-DB-English,reviewed-no-material-residual,no-candidate,0,,false
722,56,5,558,6bc8ad1f84df3bcc30a7ceaeb45792cd4b5adc11,dice-baselines/issue-520/qa/books/56/slices/issue-558/,11,11,11,faithful-current-name-retained,partial-or-ambiguous-DB-English,reviewed-with-material-residual,no-candidate,1,1,false
723,56,5,558,6bc8ad1f84df3bcc30a7ceaeb45792cd4b5adc11,dice-baselines/issue-520/qa/books/56/slices/issue-558/,12,12,12,corrected-against-English,complete-available-DB-English,reviewed-no-material-residual,no-candidate,0,,false
724,56,5,558,6bc8ad1f84df3bcc30a7ceaeb45792cd4b5adc11,dice-baselines/issue-520/qa/books/56/slices/issue-558/,13,13,13,faithful-current-name-retained,complete-available-DB-English,reviewed-no-material-residual,no-candidate,0,,false
725,56,5,558,6bc8ad1f84df3bcc30a7ceaeb45792cd4b5adc11,dice-baselines/issue-520/qa/books/56/slices/issue-558/,14,14,14,faithful-current-name-retained,complete-available-DB-English,reviewed-no-material-residual,no-candidate,0,,false
726,56,5,555,541d3121c60661cca569c5af2bb3b4e3a0264dfe,dice-baselines/issue-520/qa/books/56/slices/issue-555/,31,31,31,faithful-current-name-retained,complete-available-DB-English,reviewed-no-material-residual,no-candidate,0,,false
727,56,5,555,541d3121c60661cca569c5af2bb3b4e3a0264dfe,dice-baselines/issue-520/qa/books/56/slices/issue-555/,32,32,32,faithful-current-name-retained,complete-available-DB-English,reviewed-no-material-residual,no-candidate,0,,false
728,56,5,555,541d3121c60661cca569c5af2bb3b4e3a0264dfe,dice-baselines/issue-520/qa/books/56/slices/issue-555/,33,33,33,faithful-current-name-retained,complete-available-DB-English,reviewed-no-material-residual,no-candidate,0,,false
729,56,5,555,541d3121c60661cca569c5af2bb3b4e3a0264dfe,dice-baselines/issue-520/qa/books/56/slices/issue-555/,34,34,34,faithful-current-name-retained,complete-available-DB-English,reviewed-no-material-residual,no-candidate,0,,false
730,56,5,561,5bdeab2366f048ef15bda45dd0bc086a9b844c08,dice-baselines/issue-520/qa/books/56/closeout/issue-561/,7,7,7,historical-native-name-proven-current,complete-available-DB-English,reviewed-no-material-residual,accepted,0,,false
731,56,5,555,541d3121c60661cca569c5af2bb3b4e3a0264dfe,dice-baselines/issue-520/qa/books/56/slices/issue-555/,35,35,35,faithful-current-name-retained,complete-available-DB-English,reviewed-no-material-residual,no-candidate,0,,false
732,56,5,555,541d3121c60661cca569c5af2bb3b4e3a0264dfe,dice-baselines/issue-520/qa/books/56/slices/issue-555/,36,36,36,faithful-current-name-retained,complete-available-DB-English,reviewed-no-material-residual,no-candidate,0,,false
733,56,5,558,6bc8ad1f84df3bcc30a7ceaeb45792cd4b5adc11,dice-baselines/issue-520/qa/books/56/slices/issue-558/,15,15,15,faithful-current-name-retained,complete-available-DB-English,reviewed-no-material-residual,no-candidate,0,,false
734,56,5,558,6bc8ad1f84df3bcc30a7ceaeb45792cd4b5adc11,dice-baselines/issue-520/qa/books/56/slices/issue-558/,16,16,16,faithful-current-name-retained,complete-available-DB-English,reviewed-no-material-residual,no-candidate,0,,false
735,56,5,558,6bc8ad1f84df3bcc30a7ceaeb45792cd4b5adc11,dice-baselines/issue-520/qa/books/56/slices/issue-558/,17,17,17,faithful-current-name-retained,complete-available-DB-English,reviewed-no-material-residual,no-candidate,0,,false
736,56,5,558,6bc8ad1f84df3bcc30a7ceaeb45792cd4b5adc11,dice-baselines/issue-520/qa/books/56/slices/issue-558/,18,18,18,faithful-current-name-retained,complete-available-DB-English,reviewed-no-material-residual,no-candidate,0,,false
737,56,5,558,6bc8ad1f84df3bcc30a7ceaeb45792cd4b5adc11,dice-baselines/issue-520/qa/books/56/slices/issue-558/,19,19,19,faithful-current-name-retained,complete-available-DB-English,reviewed-no-material-residual,no-candidate,0,,false
738,56,5,558,6bc8ad1f84df3bcc30a7ceaeb45792cd4b5adc11,dice-baselines/issue-520/qa/books/56/slices/issue-558/,20,20,20,faithful-current-name-retained,complete-available-DB-English,reviewed-no-material-residual,no-candidate,0,,false
739,56,5,558,6bc8ad1f84df3bcc30a7ceaeb45792cd4b5adc11,dice-baselines/issue-520/qa/books/56/slices/issue-558/,21,21,21,faithful-current-name-retained,complete-available-DB-English,reviewed-no-material-residual,no-candidate,0,,false
740,56,5,558,6bc8ad1f84df3bcc30a7ceaeb45792cd4b5adc11,dice-baselines/issue-520/qa/books/56/slices/issue-558/,22,22,22,faithful-current-name-retained,partial-or-ambiguous-DB-English,reviewed-with-material-residual,no-candidate,1,2,false
741,56,5,555,541d3121c60661cca569c5af2bb3b4e3a0264dfe,dice-baselines/issue-520/qa/books/56/slices/issue-555/,37,37,37,faithful-current-name-retained,complete-available-DB-English,reviewed-no-material-residual,no-candidate,0,,false
742,56,5,558,6bc8ad1f84df3bcc30a7ceaeb45792cd4b5adc11,dice-baselines/issue-520/qa/books/56/slices/issue-558/,23,23,23,faithful-current-name-retained,complete-available-DB-English,reviewed-no-material-residual,no-candidate,0,,false
743,56,5,558,6bc8ad1f84df3bcc30a7ceaeb45792cd4b5adc11,dice-baselines/issue-520/qa/books/56/slices/issue-558/,24,24,24,faithful-current-name-retained,complete-available-DB-English,reviewed-no-material-residual,no-candidate,0,,false
744,56,5,558,6bc8ad1f84df3bcc30a7ceaeb45792cd4b5adc11,dice-baselines/issue-520/qa/books/56/slices/issue-558/,25,25,25,faithful-current-name-retained,complete-available-DB-English,reviewed-no-material-residual,no-candidate,0,,false
745,56,5,558,6bc8ad1f84df3bcc30a7ceaeb45792cd4b5adc11,dice-baselines/issue-520/qa/books/56/slices/issue-558/,26,26,26,faithful-current-name-retained,complete-available-DB-English,reviewed-no-material-residual,no-candidate,0,,false
746,56,5,558,6bc8ad1f84df3bcc30a7ceaeb45792cd4b5adc11,dice-baselines/issue-520/qa/books/56/slices/issue-558/,27,27,27,faithful-current-name-retained,partial-or-ambiguous-DB-English,reviewed-with-material-residual,no-candidate,1,3,false
747,56,5,558,6bc8ad1f84df3bcc30a7ceaeb45792cd4b5adc11,dice-baselines/issue-520/qa/books/56/slices/issue-558/,28,28,28,faithful-current-name-retained,complete-available-DB-English,reviewed-with-material-residual,no-candidate,1,4,false
748,56,5,555,541d3121c60661cca569c5af2bb3b4e3a0264dfe,dice-baselines/issue-520/qa/books/56/slices/issue-555/,38,38,38,faithful-current-name-retained,partial-or-ambiguous-DB-English,reviewed-with-material-residual,no-candidate,1,3,false
749,56,5,555,541d3121c60661cca569c5af2bb3b4e3a0264dfe,dice-baselines/issue-520/qa/books/56/slices/issue-555/,39,39,39,faithful-current-name-retained,complete-available-DB-English,reviewed-no-material-residual,no-candidate,0,,false
750,56,5,558,6bc8ad1f84df3bcc30a7ceaeb45792cd4b5adc11,dice-baselines/issue-520/qa/books/56/slices/issue-558/,29,29,29,faithful-current-name-retained,partial-or-ambiguous-DB-English,reviewed-with-material-residual,no-candidate,1,5,false
751,56,5,558,6bc8ad1f84df3bcc30a7ceaeb45792cd4b5adc11,dice-baselines/issue-520/qa/books/56/slices/issue-558/,30,30,30,faithful-current-name-retained,complete-available-DB-English,reviewed-no-material-residual,no-candidate,0,,false
752,56,5,555,541d3121c60661cca569c5af2bb3b4e3a0264dfe,dice-baselines/issue-520/qa/books/56/slices/issue-555/,40,40,40,faithful-current-name-retained,partial-or-ambiguous-DB-English,reviewed-with-material-residual,no-candidate,1,4,false
753,56,5,558,6bc8ad1f84df3bcc30a7ceaeb45792cd4b5adc11,dice-baselines/issue-520/qa/books/56/slices/issue-558/,31,31,31,faithful-current-name-retained,complete-available-DB-English,reviewed-with-material-residual,no-candidate,1,6,false
754,56,5,555,541d3121c60661cca569c5af2bb3b4e3a0264dfe,dice-baselines/issue-520/qa/books/56/slices/issue-555/,41,41,41,faithful-current-name-retained,complete-available-DB-English,reviewed-with-material-residual,no-candidate,1,5,false
755,56,5,558,6bc8ad1f84df3bcc30a7ceaeb45792cd4b5adc11,dice-baselines/issue-520/qa/books/56/slices/issue-558/,32,32,32,faithful-current-name-retained,complete-available-DB-English,reviewed-with-material-residual,no-candidate,1,7,false
756,56,5,558,6bc8ad1f84df3bcc30a7ceaeb45792cd4b5adc11,dice-baselines/issue-520/qa/books/56/slices/issue-558/,33,33,33,faithful-current-name-retained,complete-available-DB-English,reviewed-no-material-residual,no-candidate,0,,false
757,56,5,558,6bc8ad1f84df3bcc30a7ceaeb45792cd4b5adc11,dice-baselines/issue-520/qa/books/56/slices/issue-558/,34,34,34,faithful-current-name-retained,complete-available-DB-English,reviewed-no-material-residual,no-candidate,0,,false
758,56,5,555,541d3121c60661cca569c5af2bb3b4e3a0264dfe,dice-baselines/issue-520/qa/books/56/slices/issue-555/,42,42,42,faithful-current-name-retained,complete-available-DB-English,reviewed-no-material-residual,no-candidate,0,,false
759,56,5,558,6bc8ad1f84df3bcc30a7ceaeb45792cd4b5adc11,dice-baselines/issue-520/qa/books/56/slices/issue-558/,35,35,35,faithful-current-name-retained,partial-or-ambiguous-DB-English,reviewed-with-material-residual,no-candidate,1,8,false
760,56,5,558,6bc8ad1f84df3bcc30a7ceaeb45792cd4b5adc11,dice-baselines/issue-520/qa/books/56/slices/issue-558/,36,36,36,faithful-current-name-retained,complete-available-DB-English,reviewed-no-material-residual,no-candidate,0,,false
