targetId,nameReview,availableBodyReview,mechanicsReview,nativeName,nativeBody,proposalActivated,bodySourceGap,normalizedResidual
1846,DB-English-reviewed,DB-English-reviewed,reviewed-unchanged,English-fallback,English-fallback,false,none,none
1847,DB-English-reviewed,DB-English-reviewed,reviewed-unchanged,English-fallback,English-fallback,false,none,none
1848,DB-English-reviewed,DB-English-reviewed,reviewed-unchanged,English-fallback,English-fallback,false,none,none
1849,DB-English-reviewed,DB-English-reviewed,reviewed-unchanged,English-fallback,English-fallback,false,none,none
1850,DB-English-reviewed,DB-English-reviewed,reviewed-unchanged,English-fallback,English-fallback,false,none,none
1851,DB-English-reviewed,DB-English-reviewed,reviewed-unchanged,English-fallback,English-fallback,false,none,none
1852,DB-English-reviewed,DB-English-reviewed,reviewed-unchanged,English-fallback,English-fallback,false,none,none
1853,DB-English-reviewed,DB-English-reviewed,reviewed-unchanged,English-fallback,English-fallback,false,none,none
1854,DB-English-reviewed,DB-English-reviewed,reviewed-unchanged,English-fallback,English-fallback,false,none,none
1855,DB-English-reviewed,DB-English-reviewed,reviewed-unchanged,English-fallback,English-fallback,false,none,duration-in-effect
1856,DB-English-reviewed,DB-English-reviewed,reviewed-unchanged,English-fallback,English-fallback,false,none,none
1857,DB-English-reviewed,DB-English-reviewed,reviewed-unchanged,English-fallback,English-fallback,false,none,save-reference-unspecified
1858,DB-English-reviewed,DB-English-reviewed,reviewed-unchanged,English-fallback,English-fallback,false,none,none
1859,DB-English-reviewed,DB-English-reviewed,reviewed-unchanged,English-fallback,English-fallback,false,none,none
1860,DB-English-reviewed,DB-English-reviewed,reviewed-unchanged,English-fallback,English-fallback,false,none,none
1861,DB-English-reviewed,DB-English-reviewed,reviewed-unchanged,English-fallback,English-fallback,false,missing-referenced-sidebar,none
1862,DB-English-reviewed,DB-English-reviewed,reviewed-unchanged,English-fallback,English-fallback,false,none,none
1863,DB-English-reviewed,DB-English-reviewed,reviewed-unchanged,English-fallback,English-fallback,false,none,none
1864,DB-English-reviewed,DB-English-reviewed,reviewed-unchanged,English-fallback,English-fallback,false,none,none
1865,DB-English-reviewed,DB-English-reviewed,reviewed-unchanged,English-fallback,English-fallback,false,none,none
1866,DB-English-reviewed,DB-English-reviewed,reviewed-unchanged,English-fallback,English-fallback,false,none,none
1867,DB-English-reviewed,DB-English-reviewed,reviewed-unchanged,English-fallback,English-fallback,false,none,none
1868,DB-English-reviewed,DB-English-reviewed,reviewed-unchanged,English-fallback,English-fallback,false,none,none
1869,DB-English-reviewed,DB-English-reviewed,reviewed-unchanged,English-fallback,English-fallback,false,none,none
1870,DB-English-reviewed,DB-English-reviewed,reviewed-unchanged,English-fallback,English-fallback,false,none,none
1871,DB-English-reviewed,DB-English-reviewed,reviewed-unchanged,English-fallback,English-fallback,false,none,none
1872,DB-English-reviewed,DB-English-reviewed,reviewed-unchanged,English-fallback,English-fallback,false,none,none
1873,DB-English-reviewed,DB-English-reviewed,reviewed-unchanged,English-fallback,English-fallback,false,none,none
