targetId,rulebookId,englishNameAvailable,englishBodyAvailable,currentChineseAvailable,currentMatchedCandidates,fallback,semanticReview
1846,43,true,true,false,0,English,pending
1847,43,true,true,false,0,English,pending
1848,43,true,true,false,0,English,pending
1849,43,true,true,false,0,English,pending
1850,43,true,true,false,0,English,pending
1851,43,true,true,false,0,English,pending
1852,43,true,true,false,0,English,pending
1853,43,true,true,false,0,English,pending
1854,43,true,true,false,0,English,pending
1855,43,true,true,false,0,English,pending
1856,43,true,true,false,0,English,pending
1857,43,true,true,false,0,English,pending
1858,43,true,true,false,0,English,pending
1859,43,true,true,false,0,English,pending
1860,43,true,true,false,0,English,pending
1861,43,true,true,false,0,English,pending
1862,43,true,true,false,0,English,pending
1863,43,true,true,false,0,English,pending
1864,43,true,true,false,0,English,pending
1865,43,true,true,false,0,English,pending
1866,43,true,true,false,0,English,pending
1867,43,true,true,false,0,English,pending
1868,43,true,true,false,0,English,pending
1869,43,true,true,false,0,English,pending
1870,43,true,true,false,0,English,pending
1871,43,true,true,false,0,English,pending
1872,43,true,true,false,0,English,pending
1873,43,true,true,false,0,English,pending
2135,79,true,true,false,0,English,pending
2136,79,true,true,false,0,English,pending
2137,79,true,true,false,0,English,pending
2138,79,true,true,false,0,English,pending
2139,79,true,true,false,0,English,pending
2140,79,true,true,false,0,English,pending
2141,79,true,true,false,0,English,pending
2142,79,true,true,false,0,English,pending
2143,79,true,true,false,0,English,pending
2144,79,true,true,false,0,English,pending
2145,79,true,true,false,0,English,pending
2146,79,true,true,false,0,English,pending
2147,79,true,true,false,0,English,pending
2148,79,true,true,false,0,English,pending
2149,79,true,true,false,0,English,pending
2150,79,true,true,false,0,English,pending
2151,79,true,true,false,0,English,pending
2152,79,true,true,false,0,English,pending
2153,79,true,true,false,0,English,pending
2154,79,true,true,false,0,English,pending
2155,79,true,true,false,0,English,pending
2156,79,true,true,false,0,English,pending
2157,79,true,true,false,0,English,pending
2158,79,true,true,false,0,English,pending
2159,79,true,true,false,0,English,pending
2160,79,true,true,false,0,English,pending
2161,79,true,true,false,0,English,pending
2162,79,true,true,false,0,English,pending
2163,79,true,true,false,0,English,pending
2164,79,true,true,false,0,English,pending
2165,79,true,true,false,0,English,pending
2166,79,true,true,false,0,English,pending
2167,79,true,true,false,0,English,pending
2168,79,true,true,false,0,English,pending
2169,79,true,true,false,0,English,pending
2170,79,true,true,false,0,English,pending
2171,79,true,true,false,0,English,pending
2172,79,true,true,false,0,English,pending
2173,79,true,true,false,0,English,pending
2174,79,true,true,false,0,English,pending
2175,79,true,true,false,0,English,pending
2176,79,true,true,false,0,English,pending
2177,79,true,true,false,0,English,pending
2178,79,true,true,false,0,English,pending
2179,79,true,true,false,0,English,pending
2180,79,true,true,false,0,English,pending
2181,79,true,true,false,0,English,pending
2182,79,true,true,false,0,English,pending
2183,79,true,true,false,0,English,pending
2184,79,true,true,false,0,English,pending
2185,79,true,true,false,0,English,pending
2186,79,true,true,false,0,English,pending
2187,79,true,true,false,0,English,pending
2188,79,true,true,false,0,English,pending
2189,79,true,true,false,0,English,pending
2190,79,true,true,false,0,English,pending
2191,79,true,true,false,0,English,pending
2192,79,true,true,false,0,English,pending
2193,79,true,true,false,0,English,pending
2194,79,true,true,false,0,English,pending
2195,79,true,true,false,0,English,pending
2196,79,true,true,false,0,English,pending
2197,79,true,true,false,0,English,pending
2198,79,true,true,false,0,English,pending
2199,79,true,true,false,0,English,pending
2200,79,true,true,false,0,English,pending
2201,79,true,true,false,0,English,pending
2202,79,true,true,false,0,English,pending
2203,79,true,true,false,0,English,pending
2204,79,true,true,false,0,English,pending
2205,79,true,true,false,0,English,pending
2206,79,true,true,false,0,English,pending
2207,79,true,true,false,0,English,pending
2208,79,true,true,false,0,English,pending
2209,79,true,true,false,0,English,pending
4957,112,true,true,false,0,English,pending
